<?xml version = '1.0' encoding = 'UTF-8'?>
<UserOraclev10g class="oracle.dbtools.crest.model.design.storage.oracle.v10g.UserOraclev10g" name="EXAMPRAC" directorySegmentName="seg_0" id="9BE938C8-7168-5617-1FFC-191330370307">
<sourceConnName>EXAMPRAC</sourceConnName>
<sourceObjName>EXAMPRAC</sourceObjName>
<createdBy>RC_student_2024</createdBy>
<createdTime>2024-06-24 08:41:55 UTC</createdTime>
<ownerDesignName>ERD</ownerDesignName>
<schemaObject>F2ABE3EB-9200-3442-C55A-1C9C15D5614F</schemaObject>
<defTableSpace>16A307DA-7EC2-BCC1-FD7B-B622B99B84FA</defTableSpace>
<privileges>DROP ANY ANALYTIC VIEW, ALTER ANY ANALYTIC VIEW, CREATE LOCKDOWN PROFILE, CREATE CUBE BUILD PROCESS, DELETE ANY MEASURE FOLDER, CREATE MEASURE FOLDER, CREATE CUBE DIMENSION, CREATE EXTERNAL JOB, EXECUTE ANY CLASS, CREATE JOB, IMPORT FULL DATABASE, EXPORT FULL DATABASE, CREATE EVALUATION CONTEXT, ON COMMIT REFRESH, DROP ANY CONTEXT, CREATE ANY CONTEXT, CREATE DIMENSION, UNDER ANY TABLE, GLOBAL QUERY REWRITE, ALTER ANY INDEXTYPE, DROP ANY DIRECTORY, ALTER ANY MATERIALIZED VIEW, DROP PROFILE, EXECUTE ANY PROCEDURE, DROP ANY PROCEDURE, AUDIT ANY, CREATE DATABASE LINK, ALTER ANY CLUSTER, UPDATE ANY TABLE, INSERT ANY TABLE, ALTER ROLLBACK SEGMENT, BECOME USER, CREATE USER, UNLIMITED TABLESPACE, DROP TABLESPACE, ALTER TABLESPACE, CREATE ANY ATTRIBUTE DIMENSION, EM EXPRESS CONNECT, DROP ANY MEASURE FOLDER, CREATE ANY CUBE DIMENSION, CREATE ANY EDITION, MANAGE FILE GROUP, CREATE ANY JOB, DEBUG CONNECT SESSION, DROP ANY OUTLINE, MANAGE ANY QUEUE, CREATE ANY INDEXTYPE, CREATE ANY LIBRARY, CREATE ANY TYPE, CREATE MATERIALIZED VIEW, FORCE ANY TRANSACTION, CREATE ANY SYNONYM, ALTER ANY INDEX, DROP USER, CREATE TABLESPACE, RESTRICTED SESSION, ALTER SESSION, ALTER ANY HIERARCHY, CREATE ANY HIERARCHY, CREATE ATTRIBUTE DIMENSION, DROP ANY CUBE, CREATE ANY CUBE, ALTER ANY CUBE, DROP ANY MINING MODEL, CREATE ANY MINING MODEL, ALTER ANY EDITION, READ ANY FILE GROUP, SELECT ANY TRANSACTION, MANAGE SCHEDULER, EXECUTE ANY RULE, EXECUTE ANY EVALUATION CONTEXT, CREATE ANY EVALUATION CONTEXT, CREATE ANY OUTLINE, CREATE OPERATOR, UNDER ANY TYPE, CREATE ANY DIRECTORY, GRANT ANY PRIVILEGE, ANALYZE ANY, CREATE PROFILE, CREATE PROCEDURE, CREATE PUBLIC DATABASE LINK, CREATE VIEW, DROP PUBLIC SYNONYM, DROP ANY SYNONYM, SELECT ANY TABLE, COMMENT ANY TABLE, BACKUP ANY TABLE, CREATE ANY TABLE, ALTER USER, CREATE SESSION, ALTER SYSTEM, DROP ANY HIERARCHY, CREATE HIERARCHY, DROP ANY ATTRIBUTE DIMENSION, ALTER ANY ATTRIBUTE DIMENSION, ALTER ANY CUBE BUILD PROCESS, EXECUTE DYNAMIC MLE, USE ANY JOB RESOURCE, DROP LOCKDOWN PROFILE, ALTER ANY SQL TRANSLATION PROFILE, SELECT ANY CUBE DIMENSION, INSERT ANY CUBE DIMENSION, DELETE ANY CUBE DIMENSION, ALTER ANY ASSEMBLY, MANAGE ANY FILE GROUP, CREATE ANY SQL PROFILE, ADMINISTER SQL TUNING SET, ADVISOR, CREATE ANY RULE, ALTER ANY DIMENSION, CREATE ANY DIMENSION, EXECUTE ANY OPERATOR, DROP ANY TYPE, CREATE ANY TRIGGER, CREATE ANY PROCEDURE, CREATE ANY VIEW, CREATE SYNONYM, LOCK ANY TABLE, AUDIT SYSTEM, CREATE ANY ANALYTIC VIEW, SELECT ANY CUBE BUILD PROCESS, ADMINISTER SQL MANAGEMENT OBJECT, CREATE ANY MEASURE FOLDER, ALTER ANY MINING MODEL, CREATE ANY ASSEMBLY, ADMINISTER ANY SQL TUNING SET, DROP ANY SQL PROFILE, EXECUTE ANY PROGRAM, EXECUTE ANY RULE SET, ALTER ANY RULE SET, DROP ANY EVALUATION CONTEXT, FLASHBACK ANY TABLE, ADMINISTER DATABASE TRIGGER, EXECUTE ANY TYPE, ALTER ANY TYPE, ALTER ANY TRIGGER, ALTER ANY ROLE, CREATE ROLE, DROP PUBLIC DATABASE LINK, CREATE SEQUENCE, DROP ANY VIEW, CREATE ANY CLUSTER, DELETE ANY TABLE, DROP ANY TABLE, CREATE ROLLBACK SEGMENT, CREATE ANALYTIC VIEW, READ ANY TABLE, ALTER ANY MEASURE FOLDER, CREATE CREDENTIAL, SET CONTAINER, FLASHBACK ARCHIVE ADMINISTER, USE ANY SQL TRANSLATION PROFILE, CREATE ANY CUBE BUILD PROCESS, UPDATE ANY CUBE, COMMENT ANY MINING MODEL, EXECUTE ASSEMBLY, EXECUTE ANY ASSEMBLY, DROP ANY RULE SET, CREATE ANY RULE SET, RESUMABLE, MERGE ANY VIEW, QUERY REWRITE, ALTER ANY OPERATOR, CREATE ANY OPERATOR, ALTER ANY LIBRARY, CREATE ANY MATERIALIZED VIEW, ALTER ANY PROCEDURE, FORCE TRANSACTION, ALTER DATABASE, CREATE ANY SEQUENCE, CREATE ANY INDEX, CREATE TABLE, DROP LOGICAL PARTITION TRACKING, CREATE ANY CREDENTIAL, CREATE PLUGGABLE DATABASE, DROP ANY SQL TRANSLATION PROFILE, CREATE SQL TRANSLATION PROFILE, INSERT ANY MEASURE FOLDER, SELECT ANY CUBE, DROP ANY CUBE DIMENSION, CREATE MINING MODEL, CREATE ASSEMBLY, DROP ANY EDITION, ALTER ANY SQL PROFILE, CREATE RULE SET, ALTER ANY EVALUATION CONTEXT, DEBUG CONNECT ANY, ENQUEUE ANY QUEUE, UNDER ANY VIEW, CREATE INDEXTYPE, CREATE TYPE, DROP ANY MATERIALIZED VIEW, DROP ANY TRIGGER, CREATE TRIGGER, SELECT ANY SEQUENCE, CREATE CLUSTER, REDEFINE ANY TABLE, ALTER ANY TABLE, DROP ROLLBACK SEGMENT, MANAGE TABLESPACE, CREATE LOGICAL PARTITION TRACKING, SELECT ANY MEASURE FOLDER, LOGMINING, ALTER LOCKDOWN PROFILE, CREATE ANY SQL TRANSLATION PROFILE, UPDATE ANY CUBE DIMENSION, UPDATE ANY CUBE BUILD PROCESS, DROP ANY CUBE BUILD PROCESS, CREATE CUBE, ALTER ANY CUBE DIMENSION, SELECT ANY MINING MODEL, DROP ANY ASSEMBLY, CHANGE NOTIFICATION, DROP ANY RULE, ALTER ANY RULE, CREATE RULE, GRANT ANY OBJECT PRIVILEGE, DEBUG ANY PROCEDURE, ADMINISTER RESOURCE MANAGER, ALTER ANY OUTLINE, DEQUEUE ANY QUEUE, DROP ANY DIMENSION, EXECUTE ANY INDEXTYPE, DROP ANY INDEXTYPE, DROP ANY OPERATOR, EXECUTE ANY LIBRARY, DROP ANY LIBRARY, CREATE LIBRARY, ALTER RESOURCE COST, ALTER PROFILE, GRANT ANY ROLE, DROP ANY ROLE, DROP ANY SEQUENCE, ALTER ANY SEQUENCE, CREATE PUBLIC SYNONYM, DROP ANY INDEX, DROP ANY CLUSTER</privileges>
</UserOraclev10g>