<?xml version = '1.0' encoding = 'UTF-8'?>
<UserOraclev10g class="oracle.dbtools.crest.model.design.storage.oracle.v10g.UserOraclev10g" name="MDSYS" directorySegmentName="seg_0" id="MDSYS">
<sourceConnName>EXAMPRAC</sourceConnName>
<sourceObjName>MDSYS</sourceObjName>
<createdBy>RC_student_2024</createdBy>
<createdTime>2024-06-24 08:41:43 UTC</createdTime>
<ownerDesignName>ERD</ownerDesignName>
<schemaObject>17176BE2-9A4F-8C33-6639-8282D0824AEA</schemaObject>
<nullInstance>true</nullInstance>
<storableNullInstance>true</storableNullInstance>
</UserOraclev10g>