<?xml version = '1.0' encoding = 'UTF-8'?>
<relationalModel class="oracle.dbtools.crest.model.design.relational.RelationalDesign" name="Relational_1" id="3E8A728C-5170-B677-6278-B3E3698F21D6" mainViewID="13D00734-F1DC-40AF-0E5D-06BA82E5AF51">
<createdBy>RC_student_2024</createdBy>
<createdTime>2024-06-24 08:28:03 UTC</createdTime>
<ownerDesignName>ERD</ownerDesignName>
<shouldBeOpen>false</shouldBeOpen>
<selectedRDBMSSite>01F6E6D1-21D0-CFBD-ABDD-3988D1813575</selectedRDBMSSite>
<importConnectionStamps>
<importConnectionStamp class="oracle.dbtools.crest.imports.DBConnectionStamp">
<connName>EXAMPRAC</connName>
<connUser>EXAMPRAC</connUser>
<connType>1</connType>
</importConnectionStamp>
</importConnectionStamps>
</relationalModel>