<?xml version = '1.0' encoding = 'UTF-8'?>
<SegmentOraclev10g class="oracle.dbtools.crest.model.design.storage.oracle.v10g.SegmentOraclev10g" name="Storage1" directorySegmentName="seg_0" id="BD745AF2-6190-B87F-A93F-295D6E9B2718">
<createdBy>RC_student_2024</createdBy>
<createdTime>2024-06-24 08:41:56 UTC</createdTime>
<ownerDesignName>ERD</ownerDesignName>
<maxTrans>255</maxTrans>
<scInitialExtent>65536</scInitialExtent>
<scMaxExtents>2147483645</scMaxExtents>
<scNextExtent>1048576</scNextExtent>
</SegmentOraclev10g>