<?xml version = '1.0' encoding = 'UTF-8'?>
<Diagram class="oracle.dbtools.crest.swingui.relational.DPVRelational" name="Relational_1" id="13D00734-F1DC-40AF-0E5D-06BA82E5AF51">
<createdBy>RC_student_2024</createdBy>
<modifiedBy>RC_student_2024</modifiedBy>
<createdTime>2024-06-24 08:28:03 UTC</createdTime>
<autoRoute>false</autoRoute>
<boxInbox>true</boxInbox>
<showLegend>false</showLegend>
<showLabels>false</showLabels>
<showRelAttributes>false</showRelAttributes>
<gridEnabled>false</gridEnabled>
<showGrid>false</showGrid>
<diagramColor>-1</diagramColor>
<display>false</display>
<notation>1</notation>
<objectViews>
<OView class="oracle.dbtools.crest.swingui.relational.TVTable" oid="339DBBF9-3AD9-0220-64FD-D095EC411A0D" otype="Table" vid="0B9A9541-127C-1EA6-B336-26E63EDFFAA1">
<hideElementsInCurrentOnly>false</hideElementsInCurrentOnly>
<bounds x="660" y="20" width="255" height="96"/>
</OView>
<OView class="oracle.dbtools.crest.swingui.relational.TVTable" oid="7C3B3B2A-1CB1-5FF4-3FAB-5B18C2215EAF" otype="Table" vid="12B0FF33-0519-A724-95EE-4F5B96B1BDC7">
<hideElementsInCurrentOnly>false</hideElementsInCurrentOnly>
<bounds x="20" y="280" width="239" height="96"/>
</OView>
<OView class="oracle.dbtools.crest.swingui.relational.TVTable" oid="8C55A18B-E279-9FED-2263-EC705339AEFE" otype="Table" vid="FDB9C923-6E3E-4283-9885-4E881FBBD8BF">
<hideElementsInCurrentOnly>false</hideElementsInCurrentOnly>
<bounds x="20" y="20" width="262" height="110"/>
</OView>
<OView class="oracle.dbtools.crest.swingui.relational.TVTable" oid="BA91288E-3B4E-03F4-CEE3-1886F16F5BEB" otype="Table" vid="180DD97A-20ED-F714-79EA-EA6407E6E5E9">
<hideElementsInCurrentOnly>false</hideElementsInCurrentOnly>
<bounds x="332" y="20" width="278" height="110"/>
</OView>
</objectViews>
<connectors>
<Connector class="oracle.dbtools.crest.swingui.relational.TVFKRelation" oid="2D4FC315-E1D2-C424-BE3E-5635FFD7EF67" otype="FKIndexAssociation" vid_source="12B0FF33-0519-A724-95EE-4F5B96B1BDC7" vid_target="180DD97A-20ED-F714-79EA-EA6407E6E5E9">
<hideElementsInCurrentOnly>false</hideElementsInCurrentOnly>
<backgroundColor>-16777216</backgroundColor>
<lineWidth>1</lineWidth>
<points>
<point x="202" y="280"/>
<point x="398" y="130"/>
</points>
</Connector>
<Connector class="oracle.dbtools.crest.swingui.relational.TVFKRelation" oid="F6D4F665-C2D2-F3F7-BA15-F34404A27BDA" otype="FKIndexAssociation" vid_source="0B9A9541-127C-1EA6-B336-26E63EDFFAA1" vid_target="180DD97A-20ED-F714-79EA-EA6407E6E5E9">
<hideElementsInCurrentOnly>false</hideElementsInCurrentOnly>
<backgroundColor>-16777216</backgroundColor>
<lineWidth>1</lineWidth>
<points>
<point x="660" y="68"/>
<point x="610" y="68"/>
</points>
</Connector>
</connectors>
</Diagram>