<?xml version = '1.0' encoding = 'UTF-8'?>
<Table class="oracle.dbtools.crest.model.design.relational.Table" directorySegmentName="seg_0" id="339DBBF9-3AD9-0220-64FD-D095EC411A0D" schemaObject="F2ABE3EB-9200-3442-C55A-1C9C15D5614F" name="CUSTOMER">
<sourceConnName>EXAMPRAC</sourceConnName>
<sourceObjSchema>EXAMPRAC</sourceObjSchema>
<sourceObjName>CUSTOMER</sourceObjName>
<createdBy>RC_student_2024</createdBy>
<createdTime>2024-06-24 08:41:56 UTC</createdTime>
<ownerDesignName>ERD</ownerDesignName>
<allowColumnReorder>false</allowColumnReorder>
<existDependencyGenerateInDDl>true</existDependencyGenerateInDDl>
<parsed>true</parsed>
<columns itemClass="oracle.dbtools.crest.model.design.relational.Column">
<Column name="CUST_ID_" id="973EA49C-BDD5-93DA-9DDE-209B2C197EAD">
<sourceConnName>EXAMPRAC</sourceConnName>
<sourceObjSchema>CUSTOMER</sourceObjSchema>
<sourceObjName>CUST_ID_</sourceObjName>
<createdBy>RC_student_2024</createdBy>
<createdTime>2024-06-24 08:41:57 UTC</createdTime>
<ownerDesignName>ERD</ownerDesignName>
<useDomainConstraints>false</useDomainConstraints>
<use>1</use>
<logicalDatatype>LOGDT024</logicalDatatype>
<dataTypeSize>26 BYTE</dataTypeSize>
<ownDataTypeParameters>26 BYTE,,</ownDataTypeParameters>
<autoIncrementCycle>false</autoIncrementCycle>
</Column>
<Column name="CUST_FNAME_" id="8645C51F-4FB6-E8A6-672E-08BC531F9F05">
<sourceConnName>EXAMPRAC</sourceConnName>
<sourceObjSchema>CUSTOMER</sourceObjSchema>
<sourceObjName>CUST_FNAME_</sourceObjName>
<createdBy>RC_student_2024</createdBy>
<createdTime>2024-06-24 08:41:57 UTC</createdTime>
<ownerDesignName>ERD</ownerDesignName>
<nullsAllowed>true</nullsAllowed>
<useDomainConstraints>false</useDomainConstraints>
<use>1</use>
<logicalDatatype>LOGDT024</logicalDatatype>
<dataTypeSize>26 BYTE</dataTypeSize>
<ownDataTypeParameters>26 BYTE,,</ownDataTypeParameters>
<autoIncrementCycle>false</autoIncrementCycle>
</Column>
<Column name="CUST_SNAME" id="4CBEC313-272F-EC4F-DBF1-355A37998341">
<sourceConnName>EXAMPRAC</sourceConnName>
<sourceObjSchema>CUSTOMER</sourceObjSchema>
<sourceObjName>CUST_SNAME</sourceObjName>
<createdBy>RC_student_2024</createdBy>
<createdTime>2024-06-24 08:41:57 UTC</createdTime>
<ownerDesignName>ERD</ownerDesignName>
<nullsAllowed>true</nullsAllowed>
<useDomainConstraints>false</useDomainConstraints>
<use>1</use>
<logicalDatatype>LOGDT024</logicalDatatype>
<dataTypeSize>26 BYTE</dataTypeSize>
<ownDataTypeParameters>26 BYTE,,</ownDataTypeParameters>
<autoIncrementCycle>false</autoIncrementCycle>
</Column>
<Column name="CUST_ADDRESS_" id="03C113AD-4B92-3328-66EA-AF7227CB3A8A">
<sourceConnName>EXAMPRAC</sourceConnName>
<sourceObjSchema>CUSTOMER</sourceObjSchema>
<sourceObjName>CUST_ADDRESS_</sourceObjName>
<createdBy>RC_student_2024</createdBy>
<createdTime>2024-06-24 08:41:57 UTC</createdTime>
<ownerDesignName>ERD</ownerDesignName>
<nullsAllowed>true</nullsAllowed>
<useDomainConstraints>false</useDomainConstraints>
<use>1</use>
<logicalDatatype>LOGDT024</logicalDatatype>
<dataTypeSize>26 BYTE</dataTypeSize>
<ownDataTypeParameters>26 BYTE,,</ownDataTypeParameters>
<autoIncrementCycle>false</autoIncrementCycle>
</Column>
<Column name="CUST_CONTACT" id="1253380C-36BF-DAFE-EA42-B7E743F7DE76">
<sourceConnName>EXAMPRAC</sourceConnName>
<sourceObjSchema>CUSTOMER</sourceObjSchema>
<sourceObjName>CUST_CONTACT</sourceObjName>
<createdBy>RC_student_2024</createdBy>
<createdTime>2024-06-24 08:41:57 UTC</createdTime>
<ownerDesignName>ERD</ownerDesignName>
<nullsAllowed>true</nullsAllowed>
<useDomainConstraints>false</useDomainConstraints>
<use>1</use>
<logicalDatatype>LOGDT019</logicalDatatype>
<dataTypePrecision>26</dataTypePrecision>
<dataTypeScale>0</dataTypeScale>
<ownDataTypeParameters>,26,0</ownDataTypeParameters>
<autoIncrementCycle>false</autoIncrementCycle>
</Column>
</columns>
<indexes itemClass="oracle.dbtools.crest.model.design.relational.Index">
<ind_PK_UK id="BA88FE2C-575A-0331-037A-D9BEBF617CD7" name="CUSTOMER">
<sourceConnName>EXAMPRAC</sourceConnName>
<sourceObjSchema>EXAMPRAC</sourceObjSchema>
<sourceObjName>CUSTOMER</sourceObjName>
<createdBy>RC_student_2024</createdBy>
<createdTime>2024-06-24 09:19:25 UTC</createdTime>
<ownerDesignName>ERD</ownerDesignName>
<importedID>A0ACB61A-2E24-DD89-47D8-712EE64FFFC8</importedID>
<pk>true</pk>
<indexState>Primary Constraint</indexState>
<isSurrogateKey>false</isSurrogateKey>
<indexColumnUsage>
<colUsage columnID="973EA49C-BDD5-93DA-9DDE-209B2C197EAD"/>
</indexColumnUsage>
</ind_PK_UK>
<ind_PK_UK id="01E1188A-007A-D3AF-7654-C3C19E551923" schemaObject="F2ABE3EB-9200-3442-C55A-1C9C15D5614F" name="CUSTOMER">
<sourceConnName>EXAMPRAC</sourceConnName>
<sourceObjSchema>EXAMPRAC</sourceObjSchema>
<sourceObjName>CUSTOMER</sourceObjName>
<createdBy>RC_student_2024</createdBy>
<createdTime>2024-06-24 09:19:25 UTC</createdTime>
<ownerDesignName>ERD</ownerDesignName>
<importedID>CB5A0668-4958-04EA-9BF1-90883F8CB780</importedID>
<indexState>Unique Plain Index</indexState>
<isSurrogateKey>false</isSurrogateKey>
<indexColumnUsage>
<colUsage columnID="973EA49C-BDD5-93DA-9DDE-209B2C197EAD"/>
</indexColumnUsage>
</ind_PK_UK>
</indexes>
</Table>