<?xml version = '1.0' encoding = 'UTF-8'?>
<Table class="oracle.dbtools.crest.model.design.relational.Table" directorySegmentName="seg_0" id="7C3B3B2A-1CB1-5FF4-3FAB-5B18C2215EAF" schemaObject="F2ABE3EB-9200-3442-C55A-1C9C15D5614F" name="INSTRUCTOR">
<sourceConnName>EXAMPRAC</sourceConnName>
<sourceObjSchema>EXAMPRAC</sourceObjSchema>
<sourceObjName>INSTRUCTOR</sourceObjName>
<createdBy>RC_student_2024</createdBy>
<createdTime>2024-06-24 08:41:56 UTC</createdTime>
<ownerDesignName>ERD</ownerDesignName>
<allowColumnReorder>false</allowColumnReorder>
<existDependencyGenerateInDDl>true</existDependencyGenerateInDDl>
<parsed>true</parsed>
<columns itemClass="oracle.dbtools.crest.model.design.relational.Column">
<Column name="INS_ID" id="9451C089-3AE6-A11C-3929-325960F4CE00">
<sourceConnName>EXAMPRAC</sourceConnName>
<sourceObjSchema>INSTRUCTOR</sourceObjSchema>
<sourceObjName>INS_ID</sourceObjName>
<createdBy>RC_student_2024</createdBy>
<createdTime>2024-06-24 08:41:57 UTC</createdTime>
<ownerDesignName>ERD</ownerDesignName>
<useDomainConstraints>false</useDomainConstraints>
<use>1</use>
<logicalDatatype>LOGDT019</logicalDatatype>
<dataTypePrecision>38</dataTypePrecision>
<dataTypeScale>0</dataTypeScale>
<ownDataTypeParameters>,38,0</ownDataTypeParameters>
<autoIncrementCycle>false</autoIncrementCycle>
</Column>
<Column name="INS_FNAME" id="98E84F11-E47C-8046-AB8D-1CC54E088171">
<sourceConnName>EXAMPRAC</sourceConnName>
<sourceObjSchema>INSTRUCTOR</sourceObjSchema>
<sourceObjName>INS_FNAME</sourceObjName>
<createdBy>RC_student_2024</createdBy>
<createdTime>2024-06-24 08:41:57 UTC</createdTime>
<ownerDesignName>ERD</ownerDesignName>
<nullsAllowed>true</nullsAllowed>
<useDomainConstraints>false</useDomainConstraints>
<use>1</use>
<logicalDatatype>LOGDT024</logicalDatatype>
<dataTypeSize>26 BYTE</dataTypeSize>
<ownDataTypeParameters>26 BYTE,,</ownDataTypeParameters>
<autoIncrementCycle>false</autoIncrementCycle>
</Column>
<Column name="INS_SNAME_" id="9D232C3B-4091-7962-9C9C-FDE620F0F148">
<sourceConnName>EXAMPRAC</sourceConnName>
<sourceObjSchema>INSTRUCTOR</sourceObjSchema>
<sourceObjName>INS_SNAME_</sourceObjName>
<createdBy>RC_student_2024</createdBy>
<createdTime>2024-06-24 08:41:57 UTC</createdTime>
<ownerDesignName>ERD</ownerDesignName>
<nullsAllowed>true</nullsAllowed>
<useDomainConstraints>false</useDomainConstraints>
<use>1</use>
<logicalDatatype>LOGDT024</logicalDatatype>
<dataTypeSize>26 BYTE</dataTypeSize>
<ownDataTypeParameters>26 BYTE,,</ownDataTypeParameters>
<autoIncrementCycle>false</autoIncrementCycle>
</Column>
<Column name="INS_CONTACT" id="6EEEB437-A2D6-8233-5511-FF56FBE3B7F1">
<sourceConnName>EXAMPRAC</sourceConnName>
<sourceObjSchema>INSTRUCTOR</sourceObjSchema>
<sourceObjName>INS_CONTACT</sourceObjName>
<createdBy>RC_student_2024</createdBy>
<createdTime>2024-06-24 08:41:57 UTC</createdTime>
<ownerDesignName>ERD</ownerDesignName>
<nullsAllowed>true</nullsAllowed>
<useDomainConstraints>false</useDomainConstraints>
<use>1</use>
<logicalDatatype>LOGDT019</logicalDatatype>
<dataTypePrecision>26</dataTypePrecision>
<dataTypeScale>0</dataTypeScale>
<ownDataTypeParameters>,26,0</ownDataTypeParameters>
<autoIncrementCycle>false</autoIncrementCycle>
</Column>
<Column name="INS_LEVEL_" id="BFF27DA0-1737-2C21-ACF0-6A96BF44F1A4">
<sourceConnName>EXAMPRAC</sourceConnName>
<sourceObjSchema>INSTRUCTOR</sourceObjSchema>
<sourceObjName>INS_LEVEL_</sourceObjName>
<createdBy>RC_student_2024</createdBy>
<createdTime>2024-06-24 08:41:57 UTC</createdTime>
<ownerDesignName>ERD</ownerDesignName>
<nullsAllowed>true</nullsAllowed>
<useDomainConstraints>false</useDomainConstraints>
<use>1</use>
<logicalDatatype>LOGDT019</logicalDatatype>
<dataTypePrecision>38</dataTypePrecision>
<dataTypeScale>0</dataTypeScale>
<ownDataTypeParameters>,38,0</ownDataTypeParameters>
<autoIncrementCycle>false</autoIncrementCycle>
</Column>
</columns>
<indexes itemClass="oracle.dbtools.crest.model.design.relational.Index">
<ind_PK_UK id="F379BA5D-9FE5-63E9-B397-24C02D10EDC8" name="INSTRUCTOR">
<sourceConnName>EXAMPRAC</sourceConnName>
<sourceObjSchema>EXAMPRAC</sourceObjSchema>
<sourceObjName>INSTRUCTOR</sourceObjName>
<createdBy>RC_student_2024</createdBy>
<createdTime>2024-06-24 09:19:25 UTC</createdTime>
<ownerDesignName>ERD</ownerDesignName>
<importedID>C77FB39C-9933-7933-9763-62C99B952B68</importedID>
<pk>true</pk>
<indexState>Primary Constraint</indexState>
<isSurrogateKey>false</isSurrogateKey>
<indexColumnUsage>
<colUsage columnID="9451C089-3AE6-A11C-3929-325960F4CE00"/>
</indexColumnUsage>
</ind_PK_UK>
<ind_PK_UK id="E2F1C690-8D91-E572-523D-860FEE87A222" schemaObject="F2ABE3EB-9200-3442-C55A-1C9C15D5614F" name="INSTRUCTOR">
<sourceConnName>EXAMPRAC</sourceConnName>
<sourceObjSchema>EXAMPRAC</sourceObjSchema>
<sourceObjName>INSTRUCTOR</sourceObjName>
<createdBy>RC_student_2024</createdBy>
<createdTime>2024-06-24 09:19:25 UTC</createdTime>
<ownerDesignName>ERD</ownerDesignName>
<importedID>920678AA-8F2F-5096-B9E9-AE98DB365498</importedID>
<indexState>Unique Plain Index</indexState>
<isSurrogateKey>false</isSurrogateKey>
<indexColumnUsage>
<colUsage columnID="9451C089-3AE6-A11C-3929-325960F4CE00"/>
</indexColumnUsage>
</ind_PK_UK>
</indexes>
</Table>