<?xml version = '1.0' encoding = 'UTF-8'?>
<Table class="oracle.dbtools.crest.model.design.relational.Table" directorySegmentName="seg_0" id="8C55A18B-E279-9FED-2263-EC705339AEFE" schemaObject="F2ABE3EB-9200-3442-C55A-1C9C15D5614F" name="DIVE">
<sourceConnName>EXAMPRAC</sourceConnName>
<sourceObjSchema>EXAMPRAC</sourceObjSchema>
<sourceObjName>DIVE</sourceObjName>
<createdBy>RC_student_2024</createdBy>
<createdTime>2024-06-24 08:41:56 UTC</createdTime>
<ownerDesignName>ERD</ownerDesignName>
<allowColumnReorder>false</allowColumnReorder>
<existDependencyGenerateInDDl>true</existDependencyGenerateInDDl>
<parsed>true</parsed>
<columns itemClass="oracle.dbtools.crest.model.design.relational.Column">
<Column name="DIVE_ID_" id="F0E42DCD-E014-8299-9BE5-90C9C1A77C3D">
<sourceConnName>EXAMPRAC</sourceConnName>
<sourceObjSchema>DIVE</sourceObjSchema>
<sourceObjName>DIVE_ID_</sourceObjName>
<createdBy>RC_student_2024</createdBy>
<createdTime>2024-06-24 08:41:57 UTC</createdTime>
<ownerDesignName>ERD</ownerDesignName>
<useDomainConstraints>false</useDomainConstraints>
<use>1</use>
<logicalDatatype>LOGDT019</logicalDatatype>
<dataTypePrecision>38</dataTypePrecision>
<dataTypeScale>0</dataTypeScale>
<ownDataTypeParameters>,38,0</ownDataTypeParameters>
<autoIncrementCycle>false</autoIncrementCycle>
</Column>
<Column name="DIVE_NAME_" id="0DA0CA9F-414A-B7C5-1BF3-1604AFC0DAC0">
<sourceConnName>EXAMPRAC</sourceConnName>
<sourceObjSchema>DIVE</sourceObjSchema>
<sourceObjName>DIVE_NAME_</sourceObjName>
<createdBy>RC_student_2024</createdBy>
<createdTime>2024-06-24 08:41:57 UTC</createdTime>
<ownerDesignName>ERD</ownerDesignName>
<nullsAllowed>true</nullsAllowed>
<useDomainConstraints>false</useDomainConstraints>
<use>1</use>
<logicalDatatype>LOGDT024</logicalDatatype>
<dataTypeSize>26 BYTE</dataTypeSize>
<ownDataTypeParameters>26 BYTE,,</ownDataTypeParameters>
<autoIncrementCycle>false</autoIncrementCycle>
</Column>
<Column name="DIVE_DURATION_" id="5CDC3BF1-7714-4A1B-C43D-DF64876EFF3C">
<sourceConnName>EXAMPRAC</sourceConnName>
<sourceObjSchema>DIVE</sourceObjSchema>
<sourceObjName>DIVE_DURATION_</sourceObjName>
<createdBy>RC_student_2024</createdBy>
<createdTime>2024-06-24 08:41:57 UTC</createdTime>
<ownerDesignName>ERD</ownerDesignName>
<nullsAllowed>true</nullsAllowed>
<useDomainConstraints>false</useDomainConstraints>
<use>1</use>
<logicalDatatype>LOGDT024</logicalDatatype>
<dataTypeSize>26 BYTE</dataTypeSize>
<ownDataTypeParameters>26 BYTE,,</ownDataTypeParameters>
<autoIncrementCycle>false</autoIncrementCycle>
</Column>
<Column name="DIVE_LOCATION_" id="E6E78FC0-6376-28E4-CDB2-88E55BE0DCA0">
<sourceConnName>EXAMPRAC</sourceConnName>
<sourceObjSchema>DIVE</sourceObjSchema>
<sourceObjName>DIVE_LOCATION_</sourceObjName>
<createdBy>RC_student_2024</createdBy>
<createdTime>2024-06-24 08:41:57 UTC</createdTime>
<ownerDesignName>ERD</ownerDesignName>
<nullsAllowed>true</nullsAllowed>
<useDomainConstraints>false</useDomainConstraints>
<use>1</use>
<logicalDatatype>LOGDT024</logicalDatatype>
<dataTypeSize>26 BYTE</dataTypeSize>
<ownDataTypeParameters>26 BYTE,,</ownDataTypeParameters>
<autoIncrementCycle>false</autoIncrementCycle>
</Column>
<Column name="DIVE_EXP_LEVEL_" id="937D4063-0AAE-6BBD-9770-F10426FCD438">
<sourceConnName>EXAMPRAC</sourceConnName>
<sourceObjSchema>DIVE</sourceObjSchema>
<sourceObjName>DIVE_EXP_LEVEL_</sourceObjName>
<createdBy>RC_student_2024</createdBy>
<createdTime>2024-06-24 08:41:57 UTC</createdTime>
<ownerDesignName>ERD</ownerDesignName>
<nullsAllowed>true</nullsAllowed>
<useDomainConstraints>false</useDomainConstraints>
<use>1</use>
<logicalDatatype>LOGDT019</logicalDatatype>
<dataTypePrecision>38</dataTypePrecision>
<dataTypeScale>0</dataTypeScale>
<ownDataTypeParameters>,38,0</ownDataTypeParameters>
<autoIncrementCycle>false</autoIncrementCycle>
</Column>
<Column name="DIVE_COST_" id="EE6354B3-8B81-7FBE-FA8A-0C3D104CA50F">
<sourceConnName>EXAMPRAC</sourceConnName>
<sourceObjSchema>DIVE</sourceObjSchema>
<sourceObjName>DIVE_COST_</sourceObjName>
<createdBy>RC_student_2024</createdBy>
<createdTime>2024-06-24 08:41:57 UTC</createdTime>
<ownerDesignName>ERD</ownerDesignName>
<nullsAllowed>true</nullsAllowed>
<useDomainConstraints>false</useDomainConstraints>
<use>1</use>
<logicalDatatype>LOGDT019</logicalDatatype>
<dataTypePrecision>38</dataTypePrecision>
<dataTypeScale>0</dataTypeScale>
<ownDataTypeParameters>,38,0</ownDataTypeParameters>
<autoIncrementCycle>false</autoIncrementCycle>
</Column>
</columns>
<indexes itemClass="oracle.dbtools.crest.model.design.relational.Index">
<ind_PK_UK id="BB2D6486-7E04-E213-0145-25FC2FDF603E" name="PK_DIVE">
<sourceConnName>EXAMPRAC</sourceConnName>
<sourceObjSchema>EXAMPRAC</sourceObjSchema>
<sourceObjName>PK_DIVE</sourceObjName>
<createdBy>RC_student_2024</createdBy>
<createdTime>2024-06-24 09:26:54 UTC</createdTime>
<ownerDesignName>ERD</ownerDesignName>
<importedID>F7521C3F-D8B2-4F1E-228A-EE98261C6934</importedID>
<pk>true</pk>
<indexState>Primary Constraint</indexState>
<isSurrogateKey>false</isSurrogateKey>
<indexColumnUsage>
<colUsage columnID="F0E42DCD-E014-8299-9BE5-90C9C1A77C3D"/>
</indexColumnUsage>
</ind_PK_UK>
<ind_PK_UK id="3B94B4B8-1B51-A43F-F298-975364DE4C71" schemaObject="F2ABE3EB-9200-3442-C55A-1C9C15D5614F" name="PK_DIVE">
<sourceConnName>EXAMPRAC</sourceConnName>
<sourceObjSchema>EXAMPRAC</sourceObjSchema>
<sourceObjName>PK_DIVE</sourceObjName>
<createdBy>RC_student_2024</createdBy>
<createdTime>2024-06-24 09:26:54 UTC</createdTime>
<ownerDesignName>ERD</ownerDesignName>
<importedID>6AF1BA65-0CED-3441-EE63-B45A2721C856</importedID>
<indexState>Unique Plain Index</indexState>
<isSurrogateKey>false</isSurrogateKey>
<indexColumnUsage>
<colUsage columnID="F0E42DCD-E014-8299-9BE5-90C9C1A77C3D"/>
</indexColumnUsage>
</ind_PK_UK>
</indexes>
</Table>