<?xml version = '1.0' encoding = 'UTF-8'?>
<Table class="oracle.dbtools.crest.model.design.relational.Table" directorySegmentName="seg_0" id="BA91288E-3B4E-03F4-CEE3-1886F16F5BEB" schemaObject="F2ABE3EB-9200-3442-C55A-1C9C15D5614F" name="DIVE_EVENT">
<sourceConnName>EXAMPRAC</sourceConnName>
<sourceObjSchema>EXAMPRAC</sourceObjSchema>
<sourceObjName>DIVE_EVENT</sourceObjName>
<createdBy>RC_student_2024</createdBy>
<createdTime>2024-06-24 08:41:56 UTC</createdTime>
<ownerDesignName>ERD</ownerDesignName>
<allowColumnReorder>false</allowColumnReorder>
<existDependencyGenerateInDDl>true</existDependencyGenerateInDDl>
<parsed>true</parsed>
<columns itemClass="oracle.dbtools.crest.model.design.relational.Column">
<Column name="DIVE_EVENT_ID_" id="F5A5DED0-9ECD-0C8E-0B10-C903929561EA">
<sourceConnName>EXAMPRAC</sourceConnName>
<sourceObjSchema>DIVE_EVENT</sourceObjSchema>
<sourceObjName>DIVE_EVENT_ID_</sourceObjName>
<createdBy>RC_student_2024</createdBy>
<createdTime>2024-06-24 08:41:57 UTC</createdTime>
<ownerDesignName>ERD</ownerDesignName>
<useDomainConstraints>false</useDomainConstraints>
<use>1</use>
<logicalDatatype>LOGDT024</logicalDatatype>
<dataTypeSize>26 BYTE</dataTypeSize>
<ownDataTypeParameters>26 BYTE,,</ownDataTypeParameters>
<autoIncrementCycle>false</autoIncrementCycle>
</Column>
<Column name="DIVE_DATE" id="F666FA4B-9682-A922-7425-72F7344BC0D8">
<sourceConnName>EXAMPRAC</sourceConnName>
<sourceObjSchema>DIVE_EVENT</sourceObjSchema>
<sourceObjName>DIVE_DATE</sourceObjName>
<createdBy>RC_student_2024</createdBy>
<createdTime>2024-06-24 08:41:57 UTC</createdTime>
<ownerDesignName>ERD</ownerDesignName>
<nullsAllowed>true</nullsAllowed>
<useDomainConstraints>false</useDomainConstraints>
<use>1</use>
<logicalDatatype>LOGDT007</logicalDatatype>
<dataTypeSize>7</dataTypeSize>
<ownDataTypeParameters>7,,</ownDataTypeParameters>
<autoIncrementCycle>false</autoIncrementCycle>
</Column>
<Column name="DIVE_PARTICIPANTS_" id="2FC9BB0C-192C-2610-9C0E-ACF9F3414779">
<sourceConnName>EXAMPRAC</sourceConnName>
<sourceObjSchema>DIVE_EVENT</sourceObjSchema>
<sourceObjName>DIVE_PARTICIPANTS_</sourceObjName>
<createdBy>RC_student_2024</createdBy>
<createdTime>2024-06-24 08:41:57 UTC</createdTime>
<ownerDesignName>ERD</ownerDesignName>
<nullsAllowed>true</nullsAllowed>
<useDomainConstraints>false</useDomainConstraints>
<use>1</use>
<logicalDatatype>LOGDT019</logicalDatatype>
<dataTypePrecision>38</dataTypePrecision>
<dataTypeScale>0</dataTypeScale>
<ownDataTypeParameters>,38,0</ownDataTypeParameters>
<autoIncrementCycle>false</autoIncrementCycle>
</Column>
<Column name="INS_ID_" id="063DCE95-D29F-6E7C-7CF6-6BB86AD921DB">
<sourceConnName>EXAMPRAC</sourceConnName>
<sourceObjSchema>DIVE_EVENT</sourceObjSchema>
<sourceObjName>INS_ID_</sourceObjName>
<createdBy>RC_student_2024</createdBy>
<createdTime>2024-06-24 08:41:57 UTC</createdTime>
<ownerDesignName>ERD</ownerDesignName>
<nullsAllowed>true</nullsAllowed>
<useDomainConstraints>false</useDomainConstraints>
<use>1</use>
<logicalDatatype>LOGDT019</logicalDatatype>
<dataTypePrecision>38</dataTypePrecision>
<dataTypeScale>0</dataTypeScale>
<ownDataTypeParameters>,38,0</ownDataTypeParameters>
<autoIncrementCycle>false</autoIncrementCycle>
<associations>
<colAssociation fkAssociation="2D4FC315-E1D2-C424-BE3E-5635FFD7EF67" referredColumn="9451C089-3AE6-A11C-3929-325960F4CE00"/>
</associations>
</Column>
<Column name="CUST_ID__" id="D6CCA21F-4DE3-0856-DC92-34AD607EED2E">
<sourceConnName>EXAMPRAC</sourceConnName>
<sourceObjSchema>DIVE_EVENT</sourceObjSchema>
<sourceObjName>CUST_ID__</sourceObjName>
<createdBy>RC_student_2024</createdBy>
<createdTime>2024-06-24 08:41:57 UTC</createdTime>
<ownerDesignName>ERD</ownerDesignName>
<nullsAllowed>true</nullsAllowed>
<useDomainConstraints>false</useDomainConstraints>
<use>1</use>
<logicalDatatype>LOGDT024</logicalDatatype>
<dataTypeSize>26 BYTE</dataTypeSize>
<ownDataTypeParameters>26 BYTE,,</ownDataTypeParameters>
<autoIncrementCycle>false</autoIncrementCycle>
<associations>
<colAssociation fkAssociation="F6D4F665-C2D2-F3F7-BA15-F34404A27BDA" referredColumn="973EA49C-BDD5-93DA-9DDE-209B2C197EAD"/>
</associations>
</Column>
<Column name="DIVE_ID" id="60A31574-57A3-7766-283C-565C111519C5">
<sourceConnName>EXAMPRAC</sourceConnName>
<sourceObjSchema>DIVE_EVENT</sourceObjSchema>
<sourceObjName>DIVE_ID</sourceObjName>
<createdBy>RC_student_2024</createdBy>
<createdTime>2024-06-24 08:41:57 UTC</createdTime>
<ownerDesignName>ERD</ownerDesignName>
<nullsAllowed>true</nullsAllowed>
<useDomainConstraints>false</useDomainConstraints>
<use>1</use>
<logicalDatatype>LOGDT019</logicalDatatype>
<dataTypePrecision>38</dataTypePrecision>
<dataTypeScale>0</dataTypeScale>
<ownDataTypeParameters>,38,0</ownDataTypeParameters>
<autoIncrementCycle>false</autoIncrementCycle>
</Column>
</columns>
<indexes itemClass="oracle.dbtools.crest.model.design.relational.Index">
<ind_PK_UK id="263B250F-1AEF-B665-8794-B66FEF3F3644" name="PK_DIVE_EVENT">
<sourceConnName>EXAMPRAC</sourceConnName>
<sourceObjSchema>EXAMPRAC</sourceObjSchema>
<sourceObjName>PK_DIVE_EVENT</sourceObjName>
<createdBy>RC_student_2024</createdBy>
<createdTime>2024-06-24 09:19:25 UTC</createdTime>
<ownerDesignName>ERD</ownerDesignName>
<importedID>630CF29E-B848-02A2-90DE-FE6D2A98430A</importedID>
<pk>true</pk>
<indexState>Primary Constraint</indexState>
<isSurrogateKey>false</isSurrogateKey>
<indexColumnUsage>
<colUsage columnID="F5A5DED0-9ECD-0C8E-0B10-C903929561EA"/>
</indexColumnUsage>
</ind_PK_UK>
<ind_PK_UK id="77BC3338-0E48-750D-F4BA-CBBFD513D025" schemaObject="F2ABE3EB-9200-3442-C55A-1C9C15D5614F" name="PK_DIVE_EVENT">
<sourceConnName>EXAMPRAC</sourceConnName>
<sourceObjSchema>EXAMPRAC</sourceObjSchema>
<sourceObjName>PK_DIVE_EVENT</sourceObjName>
<createdBy>RC_student_2024</createdBy>
<createdTime>2024-06-24 09:19:25 UTC</createdTime>
<ownerDesignName>ERD</ownerDesignName>
<importedID>E69DE0C2-E5D7-BF4C-28CE-25B913F80B48</importedID>
<indexState>Unique Plain Index</indexState>
<isSurrogateKey>false</isSurrogateKey>
<indexColumnUsage>
<colUsage columnID="F5A5DED0-9ECD-0C8E-0B10-C903929561EA"/>
</indexColumnUsage>
</ind_PK_UK>
<ind_PK_UK id="2093304D-6ACA-BC38-A774-88D35130D1C9" name="FK_CUSTOMER">
<createdBy>RC_student_2024</createdBy>
<createdTime>2024-06-24 09:19:25 UTC</createdTime>
<ownerDesignName>ERD</ownerDesignName>
<indexState>Foreign Key</indexState>
<isSurrogateKey>false</isSurrogateKey>
<indexColumnUsage>
<colUsage columnID="D6CCA21F-4DE3-0856-DC92-34AD607EED2E"/>
</indexColumnUsage>
</ind_PK_UK>
<ind_PK_UK id="01C8623D-2828-A687-2AB6-13F60C3D48A9" name="FK_INSTRUCTOR">
<createdBy>RC_student_2024</createdBy>
<createdTime>2024-06-24 09:19:25 UTC</createdTime>
<ownerDesignName>ERD</ownerDesignName>
<indexState>Foreign Key</indexState>
<isSurrogateKey>false</isSurrogateKey>
<indexColumnUsage>
<colUsage columnID="063DCE95-D29F-6E7C-7CF6-6BB86AD921DB"/>
</indexColumnUsage>
</ind_PK_UK>
</indexes>
</Table>