<?xml version = '1.0' encoding = 'UTF-8'?>
<TableProxyOraclev20c class="oracle.dbtools.crest.model.design.storage.oracle.v20c.TableProxyOraclev20c" name="CUSTOMER" directorySegmentName="seg_0" id="339DBBF9-3AD9-0220-64FD-D095EC411A0D">
<createdBy>RC_student_2024</createdBy>
<createdTime>2024-06-24 08:41:56 UTC</createdTime>
<ownerDesignName>ERD</ownerDesignName>
<schemaObject>F2ABE3EB-9200-3442-C55A-1C9C15D5614F</schemaObject>
<logging>YES</logging>
<partitionedRowMovement>DISABLE</partitionedRowMovement>
<segment>BD745AF2-6190-B87F-A93F-295D6E9B2718</segment>
<tableSpace>16A307DA-7EC2-BCC1-FD7B-B622B99B84FA</tableSpace>
<temporaryChanged>false</temporaryChanged>
<accessDriverType>oracle_loader</accessDriverType>
<rejectLimit></rejectLimit>
<inMemory>NO</inMemory>
<columnProxies itemClass="oracle.dbtools.crest.model.design.storage.oracle.v12c.ColumnProxyOraclev12c">
<ColumnProxy name="CUST_ADDRESS_" id="03C113AD-4B92-3328-66EA-AF7227CB3A8A">
<createdBy>RC_student_2024</createdBy>
<createdTime>2024-06-24 08:41:57 UTC</createdTime>
<ownerDesignName>ERD</ownerDesignName>
</ColumnProxy>
<ColumnProxy name="CUST_CONTACT" id="1253380C-36BF-DAFE-EA42-B7E743F7DE76">
<createdBy>RC_student_2024</createdBy>
<createdTime>2024-06-24 08:41:57 UTC</createdTime>
<ownerDesignName>ERD</ownerDesignName>
</ColumnProxy>
<ColumnProxy name="CUST_SNAME" id="4CBEC313-272F-EC4F-DBF1-355A37998341">
<createdBy>RC_student_2024</createdBy>
<createdTime>2024-06-24 08:41:57 UTC</createdTime>
<ownerDesignName>ERD</ownerDesignName>
</ColumnProxy>
<ColumnProxy name="CUST_FNAME_" id="8645C51F-4FB6-E8A6-672E-08BC531F9F05">
<createdBy>RC_student_2024</createdBy>
<createdTime>2024-06-24 08:41:57 UTC</createdTime>
<ownerDesignName>ERD</ownerDesignName>
</ColumnProxy>
<ColumnProxy name="CUST_ID_" id="973EA49C-BDD5-93DA-9DDE-209B2C197EAD">
<createdBy>RC_student_2024</createdBy>
<createdTime>2024-06-24 08:41:57 UTC</createdTime>
<ownerDesignName>ERD</ownerDesignName>
</ColumnProxy>
</columnProxies>
<indexProxies>
<IndexProxy class="oracle.dbtools.crest.model.design.storage.oracle.v10g.IndexProxyOraclev10g" name="CUSTOMER" id="01E1188A-007A-D3AF-7654-C3C19E551923">
<createdBy>RC_student_2024</createdBy>
<createdTime>2024-06-24 09:19:25 UTC</createdTime>
<ownerDesignName>ERD</ownerDesignName>
<schemaObject>F2ABE3EB-9200-3442-C55A-1C9C15D5614F</schemaObject>
<segment>E805A346-D0CE-82A2-2AC0-23AB93E51DA3</segment>
<tableSpace>16A307DA-7EC2-BCC1-FD7B-B622B99B84FA</tableSpace>
</IndexProxy>
</indexProxies>
<primaryKeys>
<PrimaryKey class="oracle.dbtools.crest.model.design.storage.oracle.v10g.PKProxyOraclev10g" name="CUSTOMER" id="BA88FE2C-575A-0331-037A-D9BEBF617CD7">
<createdBy>RC_student_2024</createdBy>
<createdTime>2024-06-24 09:19:25 UTC</createdTime>
<ownerDesignName>ERD</ownerDesignName>
<segment>E805A346-D0CE-82A2-2AC0-23AB93E51DA3</segment>
<tableSpace>16A307DA-7EC2-BCC1-FD7B-B622B99B84FA</tableSpace>
<existingIndex>01E1188A-007A-D3AF-7654-C3C19E551923</existingIndex>
<indexSegment>E805A346-D0CE-82A2-2AC0-23AB93E51DA3</indexSegment>
<indexSort>SORTED</indexSort>
<usingIndex>BY INDEX NAME</usingIndex>
</PrimaryKey>
</primaryKeys>
</TableProxyOraclev20c>