<?xml version = '1.0' encoding = 'UTF-8'?>
<TableProxyOraclev20c class="oracle.dbtools.crest.model.design.storage.oracle.v20c.TableProxyOraclev20c" name="INSTRUCTOR" directorySegmentName="seg_0" id="7C3B3B2A-1CB1-5FF4-3FAB-5B18C2215EAF">
<createdBy>RC_student_2024</createdBy>
<createdTime>2024-06-24 08:41:56 UTC</createdTime>
<ownerDesignName>ERD</ownerDesignName>
<schemaObject>F2ABE3EB-9200-3442-C55A-1C9C15D5614F</schemaObject>
<logging>YES</logging>
<partitionedRowMovement>DISABLE</partitionedRowMovement>
<segment>BD745AF2-6190-B87F-A93F-295D6E9B2718</segment>
<tableSpace>16A307DA-7EC2-BCC1-FD7B-B622B99B84FA</tableSpace>
<temporaryChanged>false</temporaryChanged>
<accessDriverType>oracle_loader</accessDriverType>
<rejectLimit></rejectLimit>
<inMemory>NO</inMemory>
<columnProxies itemClass="oracle.dbtools.crest.model.design.storage.oracle.v12c.ColumnProxyOraclev12c">
<ColumnProxy name="INS_CONTACT" id="6EEEB437-A2D6-8233-5511-FF56FBE3B7F1">
<createdBy>RC_student_2024</createdBy>
<createdTime>2024-06-24 08:41:57 UTC</createdTime>
<ownerDesignName>ERD</ownerDesignName>
</ColumnProxy>
<ColumnProxy name="INS_ID" id="9451C089-3AE6-A11C-3929-325960F4CE00">
<createdBy>RC_student_2024</createdBy>
<createdTime>2024-06-24 08:41:57 UTC</createdTime>
<ownerDesignName>ERD</ownerDesignName>
</ColumnProxy>
<ColumnProxy name="INS_FNAME" id="98E84F11-E47C-8046-AB8D-1CC54E088171">
<createdBy>RC_student_2024</createdBy>
<createdTime>2024-06-24 08:41:57 UTC</createdTime>
<ownerDesignName>ERD</ownerDesignName>
</ColumnProxy>
<ColumnProxy name="INS_SNAME_" id="9D232C3B-4091-7962-9C9C-FDE620F0F148">
<createdBy>RC_student_2024</createdBy>
<createdTime>2024-06-24 08:41:57 UTC</createdTime>
<ownerDesignName>ERD</ownerDesignName>
</ColumnProxy>
<ColumnProxy name="INS_LEVEL_" id="BFF27DA0-1737-2C21-ACF0-6A96BF44F1A4">
<createdBy>RC_student_2024</createdBy>
<createdTime>2024-06-24 08:41:57 UTC</createdTime>
<ownerDesignName>ERD</ownerDesignName>
</ColumnProxy>
</columnProxies>
<indexProxies>
<IndexProxy class="oracle.dbtools.crest.model.design.storage.oracle.v10g.IndexProxyOraclev10g" name="INSTRUCTOR" id="E2F1C690-8D91-E572-523D-860FEE87A222">
<createdBy>RC_student_2024</createdBy>
<createdTime>2024-06-24 09:19:25 UTC</createdTime>
<ownerDesignName>ERD</ownerDesignName>
<schemaObject>F2ABE3EB-9200-3442-C55A-1C9C15D5614F</schemaObject>
<segment>E805A346-D0CE-82A2-2AC0-23AB93E51DA3</segment>
<tableSpace>16A307DA-7EC2-BCC1-FD7B-B622B99B84FA</tableSpace>
</IndexProxy>
</indexProxies>
<primaryKeys>
<PrimaryKey class="oracle.dbtools.crest.model.design.storage.oracle.v10g.PKProxyOraclev10g" name="INSTRUCTOR" id="F379BA5D-9FE5-63E9-B397-24C02D10EDC8">
<createdBy>RC_student_2024</createdBy>
<createdTime>2024-06-24 09:19:25 UTC</createdTime>
<ownerDesignName>ERD</ownerDesignName>
<segment>E805A346-D0CE-82A2-2AC0-23AB93E51DA3</segment>
<tableSpace>16A307DA-7EC2-BCC1-FD7B-B622B99B84FA</tableSpace>
<existingIndex>E2F1C690-8D91-E572-523D-860FEE87A222</existingIndex>
<indexSegment>E805A346-D0CE-82A2-2AC0-23AB93E51DA3</indexSegment>
<indexSort>SORTED</indexSort>
<usingIndex>BY INDEX NAME</usingIndex>
</PrimaryKey>
</primaryKeys>
</TableProxyOraclev20c>