<?xml version = '1.0' encoding = 'UTF-8'?>
<TableProxyOraclev20c class="oracle.dbtools.crest.model.design.storage.oracle.v20c.TableProxyOraclev20c" name="DIVE" directorySegmentName="seg_0" id="8C55A18B-E279-9FED-2263-EC705339AEFE">
<createdBy>RC_student_2024</createdBy>
<createdTime>2024-06-24 08:41:56 UTC</createdTime>
<ownerDesignName>ERD</ownerDesignName>
<schemaObject>F2ABE3EB-9200-3442-C55A-1C9C15D5614F</schemaObject>
<logging>YES</logging>
<partitionedRowMovement>DISABLE</partitionedRowMovement>
<segment>BD745AF2-6190-B87F-A93F-295D6E9B2718</segment>
<tableSpace>16A307DA-7EC2-BCC1-FD7B-B622B99B84FA</tableSpace>
<temporaryChanged>false</temporaryChanged>
<accessDriverType>oracle_loader</accessDriverType>
<rejectLimit></rejectLimit>
<inMemory>NO</inMemory>
<columnProxies itemClass="oracle.dbtools.crest.model.design.storage.oracle.v12c.ColumnProxyOraclev12c">
<ColumnProxy name="DIVE_NAME_" id="0DA0CA9F-414A-B7C5-1BF3-1604AFC0DAC0">
<createdBy>RC_student_2024</createdBy>
<createdTime>2024-06-24 08:41:57 UTC</createdTime>
<ownerDesignName>ERD</ownerDesignName>
</ColumnProxy>
<ColumnProxy name="DIVE_DURATION_" id="5CDC3BF1-7714-4A1B-C43D-DF64876EFF3C">
<createdBy>RC_student_2024</createdBy>
<createdTime>2024-06-24 08:41:57 UTC</createdTime>
<ownerDesignName>ERD</ownerDesignName>
</ColumnProxy>
<ColumnProxy name="DIVE_EXP_LEVEL_" id="937D4063-0AAE-6BBD-9770-F10426FCD438">
<createdBy>RC_student_2024</createdBy>
<createdTime>2024-06-24 08:41:57 UTC</createdTime>
<ownerDesignName>ERD</ownerDesignName>
</ColumnProxy>
<ColumnProxy name="DIVE_LOCATION_" id="E6E78FC0-6376-28E4-CDB2-88E55BE0DCA0">
<createdBy>RC_student_2024</createdBy>
<createdTime>2024-06-24 08:41:57 UTC</createdTime>
<ownerDesignName>ERD</ownerDesignName>
</ColumnProxy>
<ColumnProxy name="DIVE_COST_" id="EE6354B3-8B81-7FBE-FA8A-0C3D104CA50F">
<createdBy>RC_student_2024</createdBy>
<createdTime>2024-06-24 08:41:57 UTC</createdTime>
<ownerDesignName>ERD</ownerDesignName>
</ColumnProxy>
<ColumnProxy name="DIVE_ID_" id="F0E42DCD-E014-8299-9BE5-90C9C1A77C3D">
<createdBy>RC_student_2024</createdBy>
<createdTime>2024-06-24 08:41:57 UTC</createdTime>
<ownerDesignName>ERD</ownerDesignName>
</ColumnProxy>
</columnProxies>
<indexProxies>
<IndexProxy class="oracle.dbtools.crest.model.design.storage.oracle.v10g.IndexProxyOraclev10g" name="PK_DIVE" id="3B94B4B8-1B51-A43F-F298-975364DE4C71">
<createdBy>RC_student_2024</createdBy>
<createdTime>2024-06-24 09:26:54 UTC</createdTime>
<ownerDesignName>ERD</ownerDesignName>
<schemaObject>F2ABE3EB-9200-3442-C55A-1C9C15D5614F</schemaObject>
<segment>E805A346-D0CE-82A2-2AC0-23AB93E51DA3</segment>
<tableSpace>16A307DA-7EC2-BCC1-FD7B-B622B99B84FA</tableSpace>
</IndexProxy>
</indexProxies>
<primaryKeys>
<PrimaryKey class="oracle.dbtools.crest.model.design.storage.oracle.v10g.PKProxyOraclev10g" name="PK_DIVE" id="BB2D6486-7E04-E213-0145-25FC2FDF603E">
<createdBy>RC_student_2024</createdBy>
<createdTime>2024-06-24 09:26:54 UTC</createdTime>
<ownerDesignName>ERD</ownerDesignName>
<segment>E805A346-D0CE-82A2-2AC0-23AB93E51DA3</segment>
<tableSpace>16A307DA-7EC2-BCC1-FD7B-B622B99B84FA</tableSpace>
<existingIndex>3B94B4B8-1B51-A43F-F298-975364DE4C71</existingIndex>
<indexSegment>E805A346-D0CE-82A2-2AC0-23AB93E51DA3</indexSegment>
<indexSort>SORTED</indexSort>
<usingIndex>BY INDEX NAME</usingIndex>
</PrimaryKey>
</primaryKeys>
</TableProxyOraclev20c>