<?xml version = '1.0' encoding = 'UTF-8'?>
<TableProxyOraclev20c class="oracle.dbtools.crest.model.design.storage.oracle.v20c.TableProxyOraclev20c" name="DIVE_EVENT" directorySegmentName="seg_0" id="BA91288E-3B4E-03F4-CEE3-1886F16F5BEB">
<createdBy>RC_student_2024</createdBy>
<createdTime>2024-06-24 08:41:56 UTC</createdTime>
<ownerDesignName>ERD</ownerDesignName>
<schemaObject>F2ABE3EB-9200-3442-C55A-1C9C15D5614F</schemaObject>
<logging>YES</logging>
<partitionedRowMovement>DISABLE</partitionedRowMovement>
<segment>BD745AF2-6190-B87F-A93F-295D6E9B2718</segment>
<tableSpace>16A307DA-7EC2-BCC1-FD7B-B622B99B84FA</tableSpace>
<temporaryChanged>false</temporaryChanged>
<accessDriverType>oracle_loader</accessDriverType>
<rejectLimit></rejectLimit>
<inMemory>NO</inMemory>
<columnProxies itemClass="oracle.dbtools.crest.model.design.storage.oracle.v12c.ColumnProxyOraclev12c">
<ColumnProxy name="INS_ID_" id="063DCE95-D29F-6E7C-7CF6-6BB86AD921DB">
<createdBy>RC_student_2024</createdBy>
<createdTime>2024-06-24 08:41:57 UTC</createdTime>
<ownerDesignName>ERD</ownerDesignName>
</ColumnProxy>
<ColumnProxy name="DIVE_PARTICIPANTS_" id="2FC9BB0C-192C-2610-9C0E-ACF9F3414779">
<createdBy>RC_student_2024</createdBy>
<createdTime>2024-06-24 08:41:57 UTC</createdTime>
<ownerDesignName>ERD</ownerDesignName>
</ColumnProxy>
<ColumnProxy name="DIVE_ID" id="60A31574-57A3-7766-283C-565C111519C5">
<createdBy>RC_student_2024</createdBy>
<createdTime>2024-06-24 08:41:57 UTC</createdTime>
<ownerDesignName>ERD</ownerDesignName>
</ColumnProxy>
<ColumnProxy name="CUST_ID__" id="D6CCA21F-4DE3-0856-DC92-34AD607EED2E">
<createdBy>RC_student_2024</createdBy>
<createdTime>2024-06-24 08:41:57 UTC</createdTime>
<ownerDesignName>ERD</ownerDesignName>
</ColumnProxy>
<ColumnProxy name="DIVE_EVENT_ID_" id="F5A5DED0-9ECD-0C8E-0B10-C903929561EA">
<createdBy>RC_student_2024</createdBy>
<createdTime>2024-06-24 08:41:57 UTC</createdTime>
<ownerDesignName>ERD</ownerDesignName>
</ColumnProxy>
<ColumnProxy name="DIVE_DATE" id="F666FA4B-9682-A922-7425-72F7344BC0D8">
<createdBy>RC_student_2024</createdBy>
<createdTime>2024-06-24 08:41:57 UTC</createdTime>
<ownerDesignName>ERD</ownerDesignName>
</ColumnProxy>
</columnProxies>
<indexProxies>
<IndexProxy class="oracle.dbtools.crest.model.design.storage.oracle.v10g.IndexProxyOraclev10g" name="PK_DIVE_EVENT" id="77BC3338-0E48-750D-F4BA-CBBFD513D025">
<createdBy>RC_student_2024</createdBy>
<createdTime>2024-06-24 09:19:25 UTC</createdTime>
<ownerDesignName>ERD</ownerDesignName>
<schemaObject>F2ABE3EB-9200-3442-C55A-1C9C15D5614F</schemaObject>
<segment>E805A346-D0CE-82A2-2AC0-23AB93E51DA3</segment>
<tableSpace>16A307DA-7EC2-BCC1-FD7B-B622B99B84FA</tableSpace>
</IndexProxy>
</indexProxies>
<foreignKeys>
<ForeignKey class="oracle.dbtools.crest.model.design.storage.oracle.v10g.FKProxyOraclev10g" name="FK_INSTRUCTOR" id="01C8623D-2828-A687-2AB6-13F60C3D48A9">
<createdBy>RC_student_2024</createdBy>
<createdTime>2024-06-24 09:19:25 UTC</createdTime>
<ownerDesignName>ERD</ownerDesignName>
</ForeignKey>
<ForeignKey class="oracle.dbtools.crest.model.design.storage.oracle.v10g.FKProxyOraclev10g" name="FK_CUSTOMER" id="2093304D-6ACA-BC38-A774-88D35130D1C9">
<createdBy>RC_student_2024</createdBy>
<createdTime>2024-06-24 09:19:25 UTC</createdTime>
<ownerDesignName>ERD</ownerDesignName>
</ForeignKey>
</foreignKeys>
<primaryKeys>
<PrimaryKey class="oracle.dbtools.crest.model.design.storage.oracle.v10g.PKProxyOraclev10g" name="PK_DIVE_EVENT" id="263B250F-1AEF-B665-8794-B66FEF3F3644">
<createdBy>RC_student_2024</createdBy>
<createdTime>2024-06-24 09:19:25 UTC</createdTime>
<ownerDesignName>ERD</ownerDesignName>
<segment>E805A346-D0CE-82A2-2AC0-23AB93E51DA3</segment>
<tableSpace>16A307DA-7EC2-BCC1-FD7B-B622B99B84FA</tableSpace>
<existingIndex>77BC3338-0E48-750D-F4BA-CBBFD513D025</existingIndex>
<indexSegment>E805A346-D0CE-82A2-2AC0-23AB93E51DA3</indexSegment>
<indexSort>SORTED</indexSort>
<usingIndex>BY INDEX NAME</usingIndex>
</PrimaryKey>
</primaryKeys>
</TableProxyOraclev20c>