<?xml version = '1.0' encoding = 'UTF-8'?>
<FKIndexAssociation class="oracle.dbtools.crest.model.design.relational.FKIndexAssociation" directorySegmentName="seg_0" id="2D4FC315-E1D2-C424-BE3E-5635FFD7EF67" containerWithKeyObject="BA91288E-3B4E-03F4-CEE3-1886F16F5BEB" localFKIndex="01C8623D-2828-A687-2AB6-13F60C3D48A9" name="FK_INSTRUCTOR">
<sourceConnName>EXAMPRAC</sourceConnName>
<sourceObjSchema>EXAMPRAC</sourceObjSchema>
<sourceObjName>FK_INSTRUCTOR</sourceObjName>
<createdBy>RC_student_2024</createdBy>
<createdTime>2024-06-24 09:19:25 UTC</createdTime>
<ownerDesignName>ERD</ownerDesignName>
<importedID>D9D8853A-E33B-9648-0858-E98AABF16D25</importedID>
<referredTableLongName>EXAMPRAC.INSTRUCTOR</referredTableLongName>
<deleteRule>NO ACTION</deleteRule>
<referredTableID>7C3B3B2A-1CB1-5FF4-3FAB-5B18C2215EAF</referredTableID>
<keyObject>F379BA5D-9FE5-63E9-B397-24C02D10EDC8</keyObject>
<referredKeyID>F379BA5D-9FE5-63E9-B397-24C02D10EDC8</referredKeyID>
<mandatory>false</mandatory>
<refColNames>INS_ID</refColNames>
<transferable>true</transferable>
<rely>false</rely>
<columnDependencyConstraintGenerateInDDL>true</columnDependencyConstraintGenerateInDDL>
</FKIndexAssociation>