<?xml version = '1.0' encoding = 'UTF-8'?>
<FKIndexAssociation class="oracle.dbtools.crest.model.design.relational.FKIndexAssociation" directorySegmentName="seg_0" id="F6D4F665-C2D2-F3F7-BA15-F34404A27BDA" containerWithKeyObject="BA91288E-3B4E-03F4-CEE3-1886F16F5BEB" localFKIndex="2093304D-6ACA-BC38-A774-88D35130D1C9" name="FK_CUSTOMER">
<sourceConnName>EXAMPRAC</sourceConnName>
<sourceObjSchema>EXAMPRAC</sourceObjSchema>
<sourceObjName>FK_CUSTOMER</sourceObjName>
<createdBy>RC_student_2024</createdBy>
<createdTime>2024-06-24 09:19:25 UTC</createdTime>
<ownerDesignName>ERD</ownerDesignName>
<importedID>CC43FE93-E503-0A1B-5C6B-D33A0A350734</importedID>
<referredTableLongName>EXAMPRAC.CUSTOMER</referredTableLongName>
<deleteRule>NO ACTION</deleteRule>
<referredTableID>339DBBF9-3AD9-0220-64FD-D095EC411A0D</referredTableID>
<keyObject>BA88FE2C-575A-0331-037A-D9BEBF617CD7</keyObject>
<referredKeyID>BA88FE2C-575A-0331-037A-D9BEBF617CD7</referredKeyID>
<mandatory>false</mandatory>
<refColNames>CUST_ID_</refColNames>
<transferable>true</transferable>
<rely>false</rely>
<columnDependencyConstraintGenerateInDDL>true</columnDependencyConstraintGenerateInDDL>
</FKIndexAssociation>