<?xml version = '1.0' encoding = 'UTF-8'?>
<TableSpaceOraclev10g class="oracle.dbtools.crest.model.design.storage.oracle.v10g.TableSpaceOraclev10g" name="USERS" directorySegmentName="seg_0" id="16A307DA-7EC2-BCC1-FD7B-B622B99B84FA">
<sourceConnName>EXAMPRAC</sourceConnName>
<sourceObjSchema>EXAMPRAC</sourceObjSchema>
<sourceObjName>USERS</sourceObjName>
<createdBy>RC_student_2024</createdBy>
<createdTime>2024-06-24 08:41:56 UTC</createdTime>
<ownerDesignName>ERD</ownerDesignName>
<dsInitialExtent>65536</dsInitialExtent>
<dsMaxExtents>2147483645</dsMaxExtents>
<emUniformSize>0</emUniformSize>
<extentManagement>LOCAL</extentManagement>
<minExtLen>65536</minExtLen>
<dsCompression>NOCOMPRESS</dsCompression>
<encrypt>NO</encrypt>
<fileType>SMALLFILE</fileType>
<inMemory>NO</inMemory>
</TableSpaceOraclev10g>